feature,LOW__908.1,LOW__914.294,LOW__920.489,LOW__926.683,LOW__932.877,LOW__939.072,LOW__945.266,LOW__951.46,LOW__957.655,LOW__963.849,LOW__970.044,LOW__976.238
LOW__908.1,1.0,0.9990562613240307,0.9967080307406568,0.9936996033466917,0.9890687461300417,0.9849998189609568,0.9815435800594284,0.9790676374422109,0.9772478107969125,0.975548208367969,0.9731964088962624,0.9709023377271997
LOW__914.294,0.9990562613240307,1.0,0.999281480314999,0.9976167612835412,0.9944945249039774,0.9914771913913165,0.9887933326287404,0.9867979094868156,0.9853683977906329,0.9839693141558747,0.9820819509618322,0.9801947391664603
LOW__920.489,0.9967080307406568,0.999281480314999,1.0,0.9995099125618813,0.9977376819053757,0.9956645235958689,0.9936780414700843,0.9921245808309682,0.991025582243783,0.9899063852312024,0.9884126868786238,0.9868872147909624
LOW__926.683,0.9936996033466917,0.9976167612835412,0.9995099125618813,1.0,0.9993263626632719,0.998021487978865,0.9966020354420891,0.9954122026679365,0.9945892800092258,0.9936949257139502,0.9925272378352561,0.9912976068112077
LOW__932.877,0.9890687461300417,0.9944945249039774,0.9977376819053757,0.9993263626632719,1.0,0.9996551448627843,0.9989481787542143,0.9982377604603612,0.9977220275522662,0.9971257969205409,0.996319982776287,0.9954390840012723
LOW__939.072,0.9849998189609568,0.9914771913913165,0.9956645235958689,0.998021487978865,0.9996551448627843,1.0,0.9998047545222556,0.999446776640383,0.9991477436701517,0.9987690678866741,0.9982200268197053,0.9975883124054722
LOW__945.266,0.9815435800594284,0.9887933326287404,0.9936780414700843,0.9966020354420891,0.9989481787542143,0.9998047545222556,1.0,0.9998999113300402,0.9997568508422968,0.9995428629869331,0.9991786167914729,0.9987292730088584
LOW__951.46,0.9790676374422109,0.9867979094868156,0.9921245808309682,0.9954122026679365,0.9982377604603612,0.999446776640383,0.9998999113300402,1.0,0.9999554742310117,0.9998585690000946,0.9996103218010761,0.9992823356567764
LOW__957.655,0.9772478107969125,0.9853683977906329,0.991025582243783,0.9945892800092258,0.9977220275522662,0.9991477436701517,0.9997568508422968,0.9999554742310117,1.0,0.9999632067588129,0.9998230470178869,0.9995845708636109
LOW__963.849,0.975548208367969,0.9839693141558747,0.9899063852312024,0.9936949257139502,0.9971257969205409,0.9987690678866741,0.9995428629869331,0.9998585690000946,0.9999632067588129,1.0,0.9999322097305402,0.9997702625533812
LOW__970.044,0.9731964088962624,0.9820819509618322,0.9884126868786238,0.9925272378352561,0.996319982776287,0.9982200268197053,0.9991786167914729,0.9996103218010761,0.9998230470178869,0.9999322097305402,1.0,0.9999489640230314
LOW__976.238,0.9709023377271997,0.9801947391664603,0.9868872147909624,0.9912976068112077,0.9954390840012723,0.9975883124054722,0.9987292730088584,0.9992823356567764,0.9995845708636109,0.9997702625533812,0.9999489640230314,1.0
